n,key_resp.keys_raw,,,,,,,,,,,,,,,key_resp.rt_mean,key_resp.rt_raw,,,,,,,,,,,,,,,key_resp.rt_std,order,,,,,,,,,,,,,,
15.0,'space', 'space', 'space', 'space', 'space', 'space', 'space', 'space', 'space', 'space', 'space', 'space', 'space', 'space', 'space',1.9619051615397136,1.1663548946380615, 1.1014484167099, 3.2138755321502686, 3.013681411743164, 1.2868287563323975, 1.3605843782424927, 2.3577001094818115, 1.7791041135787964, 1.6418596506118774, 2.1893374919891357, 2.395096778869629, 1.7454646825790405, 1.8841352462768555, 2.3210020065307617, 1.9721026420593262,0.6312172238835679,0.0, 1.0, 2.0, 3.0, 4.0, 5.0, 6.0, 7.0, 8.0, 9.0, 10.0, 11.0, 12.0, 13.0, 14.0

extraInfo
participant,Annie
Task,2 - with skip
Dot Ratio,"54:46, 51:49"
Deadline,"2.0s, 1.5s"
date,2023-07-19_15h21.13.121
expName,Rewa's Exp
psychopyVersion,2023.1.2
frameRate,60.01453551765056
