n,key_resp.keys_raw,,,,,,,,,,,,,,,key_resp.rt_mean,key_resp.rt_raw,,,,,,,,,,,,,,,key_resp.rt_std,order,,,,,,,,,,,,,,
15.0,'space', 'space', 'space', 'space', 'space', 'space', 'space', 'space', 'space', 'space', 'space', 'space', 'space', 'space', 'space',10.723390706380208,26.632307052612305, 2.628427028656006, 2.093350648880005, 2.485745668411255, 1.927923321723938, 2.7244462966918945, 1.5352623462677002, 1.6997933387756348, 2.173292398452759, 96.23489379882812, 1.4881806373596191, 1.7004826068878174, 1.4714018106460571, 2.784621000289917, 13.270735740661621,24.604419552638568,0.0, 1.0, 2.0, 3.0, 4.0, 5.0, 6.0, 7.0, 8.0, 9.0, 10.0, 11.0, 12.0, 13.0, 14.0

extraInfo
participant,Annie
Task,1 - without skip
Dot Ratio,"54:46, 51:49"
Deadline,"2.0s, 1.5s"
date,2023-07-19_14h50.37.397
expName,Rewa's Exp
psychopyVersion,2023.1.2
frameRate,59.99649620587999
