n,key_resp.keys_raw,,,,,,,,,,,,,,,key_resp.rt_mean,key_resp.rt_raw,,,,,,,,,,,,,,,key_resp.rt_std,order,,,,,,,,,,,,,,
15.0,'space', 'space', 'space', 'space', 'space', 'space', 'space', 'space', 'space', 'space', 'space', 'space', 'space', 'space', 'space',6.488343811035156,27.181032180786133, 2.748246908187866, 8.251068115234375, 1.8470263481140137, 11.114633560180664, 3.70129132270813, 2.7951886653900146, 10.143914222717285, 1.8981064558029175, 5.6921563148498535, 2.733242988586426, 5.416759967803955, 1.6089979410171509, 10.655438423156738, 1.538041114807129,6.6848921777342385,0.0, 1.0, 2.0, 3.0, 4.0, 5.0, 6.0, 7.0, 8.0, 9.0, 10.0, 11.0, 12.0, 13.0, 14.0

extraInfo
participant,negar
Task,1 - without skip
Dot Ratio,"60:40, 57:43"
Deadline,"2.0s, 1.5s"
date,2023-07-18_18h09.12.725
expName,Rewa's Exp
psychopyVersion,2023.1.2
frameRate,59.98271298185268
