n,key_resp.keys_raw,,,,,,,,,,,,,,,key_resp.rt_mean,key_resp.rt_raw,,,,,,,,,,,,,,,key_resp.rt_std,order,,,,,,,,,,,,,,
15.0,'space', 'space', 'space', 'space', 'space', 'space', 'space', 'space', 'space', 'space', 'space', 'space', 'space', 'space', 'space',8.767681884765626,39.12480926513672, 2.677600383758545, 5.260939121246338, 3.212491989135742, 34.636558532714844, 4.849849224090576, 1.7426996231079102, 23.755008697509766, 1.8910008668899536, 1.7631452083587646, 1.811525821685791, 1.5479103326797485, 5.692399024963379, 1.996803879737854, 1.5524910688400269,12.718228773983675,0.0, 1.0, 2.0, 3.0, 4.0, 5.0, 6.0, 7.0, 8.0, 9.0, 10.0, 11.0, 12.0, 13.0, 14.0

extraInfo
participant,Rachel
Task,1 - without skip
Dot Ratio,"57:43, 54:46"
Deadline,"1.5s, 1.0s"
date,2023-07-20_16h26.29.600
expName,Rewa's Exp
psychopyVersion,2023.1.2
frameRate,60.05883363350552
