n,key_resp.keys_raw,,,,,,,,,,,,,,,key_resp.rt_mean,key_resp.rt_raw,,,,,,,,,,,,,,,key_resp.rt_std,order,,,,,,,,,,,,,,
15.0,'space', 'space', 'space', 'space', 'space', 'space', 'space', 'space', 'space', 'space', 'space', 'space', 'space', 'space', 'space',1.5289415995279947,1.974462628364563, 2.1684153079986572, 1.5559386014938354, 1.317350149154663, 1.0493184328079224, 1.0861668586730957, 1.3558106422424316, 0.7799485921859741, 1.1171116828918457, 1.727346658706665, 1.5018070936203003, 1.2993652820587158, 2.2389636039733887, 1.8125523328781128, 1.9495673179626465,0.4386562600010218,0.0, 1.0, 2.0, 3.0, 4.0, 5.0, 6.0, 7.0, 8.0, 9.0, 10.0, 11.0, 12.0, 13.0, 14.0

extraInfo
participant,Tokka
Task,2 - with skip
Dot Ratio,"54:46, 51:49"
Deadline,"2.5s, 2.0s"
date,2023-07-20_15h17.45.508
expName,Rewa's Exp
psychopyVersion,2023.1.2
frameRate,59.84981287949168
